Index,Timestamp,GPS_time,Latitude,Longitude,CO2_[ppm],PM1.0,PM2.5,PM4.0,PM10.0,Temp_[C],Hum_[%],VOC,NOx,Battery_[V],oled_on,CO2_sensirion_temp,CO2_sensirion_hum
269443,2026-06-16 17:30:16,2026-06-16 15:54:34,28.678021,-17.766989,788,1.6,2.4,3.0,3.3,28.83,55.21,0.0,0.0,3.89,1,27.05,55.29
269444,2026-06-16 17:30:17,2026-06-16 15:54:35,28.67807,-17.766964,778,1.6,2.3,2.8,3.1,28.82,56.0,0.0,0.0,3.95,1,27.1,55.14
269445,2026-06-16 17:30:18,2026-06-16 15:54:36,28.678062,-17.766944,778,1.6,2.3,2.8,3.0,28.82,56.83,0.0,0.0,3.88,1,27.1,55.14
269446,2026-06-16 17:30:19,2026-06-16 15:54:37,28.678051,-17.766924,772,1.5,2.2,2.7,2.9,28.82,57.63,0.0,0.0,3.94,1,27.12,55.21
269447,2026-06-16 17:30:20,2026-06-16 15:54:38,28.67804,-17.76692,772,1.5,2.2,2.7,2.9,28.82,58.31,0.0,0.0,3.88,1,27.12,55.21
269448,2026-06-16 17:30:21,2026-06-16 15:54:39,28.678039,-17.766914,765,1.5,2.1,2.5,2.7,28.81,58.89,0.0,0.0,3.96,1,27.15,55.37
269449,2026-06-16 17:30:22,2026-06-16 15:54:40,28.67804,-17.76691,765,1.4,2.1,2.6,2.8,28.81,59.36,0.0,0.0,3.89,1,27.15,55.37
269450,2026-06-16 17:30:23,2026-06-16 15:54:41,28.678029,-17.766901,765,1.4,2.0,2.5,2.7,28.81,59.72,0.0,0.0,3.95,1,27.21,55.49
269451,2026-06-16 17:30:24,2026-06-16 15:54:42,28.678019,-17.766898,765,1.4,2.0,2.4,2.6,28.8,60.02,0.0,0.0,3.88,1,27.21,55.49
269452,2026-06-16 17:30:25,2026-06-16 15:54:43,28.67801,-17.766903,766,1.4,1.9,2.3,2.5,28.8,60.3,0.0,0.0,3.95,1,27.22,55.65
269453,2026-06-16 17:30:26,2026-06-16 15:54:44,28.67801,-17.766904,766,1.3,2.0,2.4,2.6,28.79,60.5,0.0,0.0,3.91,1,27.22,55.65
269454,2026-06-16 17:30:27,2026-06-16 15:54:45,28.678012,-17.766902,768,1.3,2.0,2.4,2.7,28.78,60.68,0.0,0.0,3.96,0,27.21,55.8
269455,2026-06-16 17:30:28,2026-06-16 15:54:46,28.678017,-17.766897,768,1.3,1.9,2.4,2.6,28.78,60.8,0.0,0.0,3.95,0,27.21,55.8
269456,2026-06-16 17:30:29,2026-06-16 15:54:47,28.67803,-17.766894,768,1.3,1.9,2.4,2.6,28.77,60.84,0.0,0.0,3.96,0,27.2,55.92
269457,2026-06-16 17:30:30,2026-06-16 15:54:48,28.678043,-17.766908,768,1.4,1.9,2.3,2.5,28.77,60.81,0.0,0.0,3.95,0,27.2,55.92
269458,2026-06-16 17:30:31,2026-06-16 15:54:49,28.678047,-17.766916,769,1.4,1.9,2.3,2.5,28.76,60.7,0.0,0.0,3.95,0,27.22,55.8
269459,2026-06-16 17:30:32,2026-06-16 15:54:50,28.678042,-17.766915,769,1.4,1.9,2.3,2.5,28.76,60.51,0.0,0.0,3.96,0,27.22,55.8
269460,2026-06-16 17:30:33,2026-06-16 15:54:52,28.678038,-17.766922,772,1.4,2.0,2.4,2.6,28.75,60.33,0.0,0.0,3.96,0,27.26,55.7
269461,2026-06-16 17:30:34,2026-06-16 15:54:53,28.678039,-17.766913,772,1.4,2.0,2.4,2.6,28.75,60.16,0.0,0.0,3.96,0,27.26,55.7
269462,2026-06-16 17:30:35,2026-06-16 15:54:54,28.678038,-17.766914,777,1.4,2.0,2.4,2.6,28.74,59.91,0.0,0.0,3.95,0,27.28,55.86
269463,2026-06-16 17:30:36,2026-06-16 15:54:55,28.678031,-17.766906,777,1.4,2.0,2.4,2.6,28.74,59.63,0.0,0.0,3.95,0,27.28,55.86
269464,2026-06-16 17:30:37,2026-06-16 15:54:56,28.678029,-17.766905,789,1.4,2.0,2.5,2.7,28.73,59.34,0.0,0.0,3.95,0,27.24,55.98
269465,2026-06-16 17:30:38,2026-06-16 15:54:57,28.678022,-17.766902,789,1.4,2.0,2.4,2.6,28.73,59.04,0.0,0.0,3.96,0,27.24,55.98
269466,2026-06-16 17:30:39,2026-06-16 15:54:58,28.678004,-17.766902,791,1.4,2.0,2.4,2.7,28.72,58.78,0.0,0.0,3.96,0,27.25,56.18
269467,2026-06-16 17:30:40,2026-06-16 15:54:59,28.677985,-17.766903,791,1.4,2.0,2.5,2.7,28.71,58.51,0.0,0.0,3.96,0,27.25,56.18
269468,2026-06-16 17:30:41,2026-06-16 15:55:00,28.677966,-17.766902,791,1.4,2.0,2.5,2.7,28.7,58.23,0.0,0.0,3.96,0,27.25,56.18
269469,2026-06-16 17:30:42,2026-06-16 15:55:01,28.677942,-17.766904,790,1.4,2.0,2.4,2.6,28.7,57.93,0.0,0.0,3.96,0,27.31,56.4
269470,2026-06-16 17:30:43,2026-06-16 15:55:02,28.677932,-17.766909,790,1.4,2.0,2.4,2.6,28.69,57.65,0.0,0.0,3.94,0,27.31,56.4
269471,2026-06-16 17:30:44,2026-06-16 15:55:03,28.677925,-17.766909,786,1.4,2.0,2.5,2.7,28.68,57.4,0.0,0.0,3.95,0,27.35,56.77
269472,2026-06-16 17:30:45,2026-06-16 15:55:04,28.677916,-17.766911,786,1.4,2.0,2.4,2.6,28.68,57.17,1.0,0.0,3.91,0,27.35,56.77
269473,2026-06-16 17:30:46,2026-06-16 15:55:05,28.67791,-17.766913,783,1.4,2.0,2.4,2.6,28.67,56.98,1.0,0.0,3.96,0,27.39,57.19
269474,2026-06-16 17:30:47,2026-06-16 15:55:06,28.677907,-17.766912,783,1.4,2.0,2.4,2.6,28.67,56.79,1.0,0.0,3.89,0,27.39,57.19
269475,2026-06-16 17:30:48,2026-06-16 15:55:07,28.677898,-17.766895,781,1.4,2.0,2.4,2.6,28.66,56.54,1.0,0.0,3.96,0,27.39,57.3
269476,2026-06-16 17:30:49,2026-06-16 15:55:08,28.677896,-17.766886,781,1.4,2.0,2.5,2.7,28.66,56.27,2.0,0.0,3.89,0,27.39,57.3
269477,2026-06-16 17:30:50,2026-06-16 15:55:09,28.677896,-17.766882,775,1.4,2.0,2.5,2.7,28.65,55.97,2.0,0.0,3.95,0,27.46,57.09
269478,2026-06-16 17:30:51,2026-06-16 15:55:10,28.677891,-17.766883,775,1.4,2.0,2.5,2.7,28.64,55.62,3.0,0.0,3.89,0,27.46,57.09
269479,2026-06-16 17:30:52,2026-06-16 15:55:11,28.677889,-17.766882,771,1.4,2.0,2.5,2.7,28.64,55.28,3.0,0.0,3.94,0,27.44,56.14
269480,2026-06-16 17:30:53,2026-06-16 15:55:12,28.677886,-17.766883,771,1.4,2.1,2.5,2.7,28.63,54.9,4.0,0.0,3.88,0,27.44,56.14
269481,2026-06-16 17:30:54,2026-06-16 15:55:13,28.677884,-17.766892,765,1.5,2.1,2.5,2.7,28.62,54.51,4.0,0.0,3.94,0,27.46,55.14
269482,2026-06-16 17:30:55,2026-06-16 15:55:14,28.677884,-17.766895,765,1.5,2.1,2.5,2.8,28.61,54.09,5.0,1.0,3.91,0,27.46,55.14
269483,2026-06-16 17:30:56,2026-06-16 15:55:15,28.677887,-17.766892,753,1.5,2.1,2.5,2.8,28.6,53.6,6.0,1.0,3.95,0,27.5,54.05
269484,2026-06-16 17:30:57,2026-06-16 15:55:16,28.677888,-17.766887,753,1.4,2.1,2.5,2.7,28.6,53.06,7.0,1.0,3.94,0,27.5,54.05
269485,2026-06-16 17:30:58,2026-06-16 15:55:17,28.677888,-17.766893,734,1.4,2.0,2.5,2.7,28.59,52.52,8.0,1.0,3.95,0,27.53,52.45
269486,2026-06-16 17:30:59,2026-06-16 15:55:18,28.67789,-17.766886,734,1.5,2.0,2.5,2.6,28.58,51.96,10.0,1.0,3.96,0,27.53,52.45
269487,2026-06-16 17:31:00,2026-06-16 15:55:19,28.677885,-17.766879,730,1.5,2.0,2.4,2.6,28.58,51.4,13.0,1.0,3.96,0,27.5,51.04
269488,2026-06-16 17:31:01,2026-06-16 15:55:20,28.677874,-17.766852,730,1.5,2.0,2.4,2.6,28.57,50.93,15.0,1.0,3.96,0,27.5,51.04
269489,2026-06-16 17:31:02,2026-06-16 15:55:21,28.67787,-17.766833,732,1.5,2.1,2.5,2.7,28.56,50.53,18.0,1.0,3.96,0,27.5,49.81
269490,2026-06-16 17:31:03,2026-06-16 15:55:22,28.677866,-17.766826,732,1.6,2.2,2.6,2.8,28.55,50.18,21.0,1.0,3.95,0,27.5,49.81
269491,2026-06-16 17:31:04,2026-06-16 15:55:23,28.677864,-17.766813,728,1.7,2.3,2.8,3.0,28.53,49.85,24.0,1.0,3.96,0,27.53,49.29
269492,2026-06-16 17:31:05,2026-06-16 15:55:24,28.677867,-17.766799,728,1.8,2.5,2.9,3.1,28.52,49.54,27.0,1.0,3.96,0,27.53,49.29
269493,2026-06-16 17:31:06,2026-06-16 15:55:25,28.677849,-17.766787,738,2.0,2.7,3.2,3.5,28.51,49.24,30.0,1.0,3.96,0,27.48,49.21
269494,2026-06-16 17:31:07,2026-06-16 15:55:26,28.677839,-17.766786,738,6.4,8.2,9.5,10.1,28.5,49.0,33.0,1.0,3.96,0,27.48,49.21
269495,2026-06-16 17:31:08,2026-06-16 15:55:27,28.677835,-17.766788,739,9.2,11.5,13.0,13.7,28.49,48.86,35.0,1.0,3.96,0,27.53,49.79
269496,2026-06-16 17:31:09,2026-06-16 15:55:28,28.677833,-17.76676,739,10.4,12.8,14.4,15.2,28.48,48.83,37.0,1.0,3.96,0,27.53,49.79
269497,2026-06-16 17:31:10,2026-06-16 15:55:29,28.67783,-17.766747,739,11.1,13.7,15.5,16.3,28.46,48.91,38.0,1.0,3.96,0,27.53,49.79
269498,2026-06-16 17:31:11,2026-06-16 15:55:30,28.677824,-17.766743,739,12.8,15.5,17.1,17.9,28.44,49.09,39.0,1.0,3.96,0,27.53,50.44
269499,2026-06-16 17:31:12,2026-06-16 15:55:31,28.677823,-17.766736,739,13.7,16.4,18.2,19.0,28.42,49.3,40.0,1.0,3.93,1,27.53,50.44
269500,2026-06-16 17:31:13,2026-06-16 15:55:32,28.677822,-17.766746,731,13.7,16.4,18.1,18.8,28.41,49.58,40.0,1.0,3.94,1,27.48,52.67
269501,2026-06-16 17:31:14,2026-06-16 15:55:33,28.677831,-17.766744,731,13.8,16.2,17.8,18.5,28.39,49.94,41.0,1.0,3.94,1,27.48,52.67
269502,2026-06-16 17:31:15,2026-06-16 15:55:34,28.677826,-17.766742,730,14.5,16.8,18.2,18.8,28.37,50.31,40.0,1.0,3.96,1,27.32,54.78
269503,2026-06-16 17:31:16,2026-06-16 15:55:35,28.677819,-17.766734,730,16.3,18.7,20.0,20.6,28.35,50.66,40.0,1.0,3.91,1,27.32,54.78
269504,2026-06-16 17:31:17,2026-06-16 15:55:36,28.677819,-17.766729,721,17.5,19.7,20.9,21.5,28.33,51.07,40.0,1.0,3.96,1,27.37,56.5
269505,2026-06-16 17:31:18,2026-06-16 15:55:37,28.677821,-17.766727,721,18.5,20.8,22.0,22.6,28.3,51.5,40.0,1.0,3.89,1,27.37,56.5
269506,2026-06-16 17:31:19,2026-06-16 15:55:38,28.677814,-17.766722,703,19.1,21.5,22.7,23.3,28.27,51.94,39.0,1.0,3.94,1,27.39,57.28
269507,2026-06-16 17:31:20,2026-06-16 15:55:39,28.677817,-17.766716,703,20.0,22.4,23.6,24.2,28.25,52.35,38.0,1.0,3.88,1,27.39,57.28
269508,2026-06-16 17:31:21,2026-06-16 15:55:40,28.677813,-17.766716,686,20.6,23.1,24.4,24.9,28.23,52.78,38.0,1.0,3.96,1,27.42,57.59
269509,2026-06-16 17:31:22,2026-06-16 15:55:41,28.677806,-17.766712,686,21.3,23.9,25.2,25.7,28.2,53.27,37.0,1.0,3.89,1,27.42,57.59
269510,2026-06-16 17:31:23,2026-06-16 15:55:42,28.677799,-17.76671,665,22.0,24.6,25.9,26.5,28.17,53.76,36.0,1.0,3.96,1,27.46,57.67
269511,2026-06-16 17:31:24,2026-06-16 15:55:43,28.6778,-17.766712,665,22.4,25.1,26.4,27.0,28.15,54.19,36.0,1.0,3.89,1,27.46,57.67
269512,2026-06-16 17:31:25,2026-06-16 15:55:44,28.677802,-17.76671,627,22.9,25.6,26.9,27.5,28.12,54.55,35.0,1.0,3.96,1,27.49,57.68
269513,2026-06-16 17:31:26,2026-06-16 15:55:45,28.677802,-17.76671,627,23.2,25.9,27.3,27.9,28.09,54.87,34.0,1.0,3.91,1,27.49,57.68
269514,2026-06-16 17:31:27,2026-06-16 15:55:46,28.677801,-17.766716,576,23.4,26.1,27.5,28.1,28.07,55.15,33.0,1.0,3.96,0,27.5,57.67
269515,2026-06-16 17:31:28,2026-06-16 15:55:47,28.677797,-17.766716,576,23.5,26.2,27.5,28.1,28.04,55.44,32.0,1.0,3.93,0,27.5,57.67
269516,2026-06-16 17:31:29,2026-06-16 15:55:48,28.677794,-17.766722,497,23.6,26.2,27.5,28.1,28.01,55.74,32.0,1.0,3.96,0,27.55,57.95
269517,2026-06-16 17:31:30,2026-06-16 15:55:49,28.677786,-17.766722,497,23.6,26.3,27.5,28.1,27.99,56.04,31.0,1.0,3.96,0,27.55,57.95
269518,2026-06-16 17:31:31,2026-06-16 15:55:50,28.677783,-17.766728,481,23.7,26.3,27.5,28.1,27.96,56.35,30.0,1.0,3.96,0,27.59,58.15
269519,2026-06-16 17:31:32,2026-06-16 15:55:51,28.677788,-17.766726,481,23.8,26.4,27.6,28.2,27.93,56.67,30.0,1.0,3.96,0,27.59,58.15
269520,2026-06-16 17:31:33,2026-06-16 15:55:52,28.677788,-17.766727,461,23.9,26.5,27.7,28.2,27.91,56.99,29.0,1.0,3.96,0,27.57,58.15
269521,2026-06-16 17:31:34,2026-06-16 15:55:53,28.677783,-17.766726,461,23.9,26.5,27.7,28.2,27.88,57.25,29.0,1.0,3.96,0,27.57,58.15
269522,2026-06-16 17:31:35,2026-06-16 15:55:54,28.67778,-17.766721,473,24.0,26.6,27.7,28.3,27.85,57.46,28.0,1.0,3.96,0,27.62,58.17
269523,2026-06-16 17:31:36,2026-06-16 15:55:55,28.677783,-17.766723,473,24.1,26.7,27.8,28.3,27.83,57.67,28.0,1.0,3.96,0,27.62,58.17
269524,2026-06-16 17:31:37,2026-06-16 15:55:56,28.677783,-17.766718,502,24.3,26.8,28.0,28.5,27.8,57.82,28.0,1.0,3.95,1,27.32,58.29
269525,2026-06-16 17:31:38,2026-06-16 15:55:57,28.677782,-17.766718,502,24.6,27.1,28.2,28.8,27.77,57.91,27.0,1.0,3.95,1,27.32,58.29
269526,2026-06-16 17:31:39,2026-06-16 15:55:58,28.677778,-17.766714,489,25.0,27.5,28.6,29.1,27.75,58.07,27.0,1.0,3.96,1,27.26,58.68
269527,2026-06-16 17:31:40,2026-06-16 15:55:59,28.677775,-17.766709,489,25.3,27.9,29.0,29.5,27.72,58.19,27.0,1.0,3.96,1,27.26,58.68
269528,2026-06-16 17:31:41,2026-06-16 15:56:00,28.67777,-17.766702,453,26.2,28.8,29.9,30.4,27.69,58.3,27.0,1.0,3.95,1,27.22,59.04
269529,2026-06-16 17:31:42,2026-06-16 15:56:01,28.677773,-17.766691,453,28.1,30.8,32.0,32.5,27.67,58.38,27.0,1.0,3.96,1,27.22,59.04
269530,2026-06-16 17:31:43,2026-06-16 15:56:02,28.677771,-17.766682,453,29.9,32.8,34.0,34.5,27.65,58.43,27.0,1.0,3.94,1,27.22,59.04
269531,2026-06-16 17:31:44,2026-06-16 15:56:03,28.677769,-17.766677,463,31.1,34.0,35.3,35.8,27.61,58.46,28.0,1.0,3.96,1,27.03,59.48
269532,2026-06-16 17:31:45,2026-06-16 15:56:04,28.677769,-17.766671,463,31.9,34.9,36.2,36.7,27.59,58.46,28.0,1.0,3.94,1,27.03,59.48
269533,2026-06-16 17:31:46,2026-06-16 15:56:05,28.67777,-17.766679,439,32.4,35.5,36.7,37.3,27.57,58.5,28.0,1.0,3.96,1,27.1,59.95
269534,2026-06-16 17:31:47,2026-06-16 15:56:06,28.677768,-17.766683,439,32.9,35.9,37.2,37.7,27.55,58.61,28.0,1.0,3.93,1,27.1,59.95
269535,2026-06-16 17:31:48,2026-06-16 15:56:07,28.677766,-17.766682,414,33.1,36.2,37.4,37.9,27.52,58.75,28.0,1.0,3.95,1,27.18,60.08
269536,2026-06-16 17:31:49,2026-06-16 15:56:08,28.67777,-17.766676,414,33.2,36.2,37.4,38.0,27.5,58.93,28.0,1.0,3.89,1,27.18,60.08
269537,2026-06-16 17:31:50,2026-06-16 15:56:09,28.677769,-17.76668,410,33.2,36.2,37.4,37.9,27.48,59.13,29.0,1.0,3.96,1,27.25,59.98
269538,2026-06-16 17:31:51,2026-06-16 15:56:10,28.677769,-17.766681,410,33.1,36.1,37.3,37.8,27.45,59.35,29.0,1.0,3.88,1,27.25,59.98
269539,2026-06-16 17:31:52,2026-06-16 15:56:11,28.677768,-17.766676,412,33.0,36.0,37.1,37.6,27.43,59.53,29.0,1.0,3.96,0,27.28,59.83
269540,2026-06-16 17:31:53,2026-06-16 15:56:12,28.677768,-17.76668,412,32.8,35.7,36.8,37.3,27.42,59.68,30.0,1.0,3.88,0,27.28,59.83
269541,2026-06-16 17:31:54,2026-06-16 15:56:13,28.67777,-17.766676,405,32.5,35.4,36.5,37.0,27.4,59.79,30.0,1.0,3.96,0,27.35,59.64
269542,2026-06-16 17:31:55,2026-06-16 15:56:14,28.677768,-17.766677,405,32.3,35.1,36.1,36.6,27.38,59.88,30.0,1.0,3.88,1,27.35,59.64
269543,2026-06-16 17:31:56,2026-06-16 15:56:15,28.677767,-17.766672,403,32.0,34.7,35.7,36.2,27.36,59.94,31.0,1.0,3.96,1,27.41,59.37
269544,2026-06-16 17:31:57,2026-06-16 15:56:16,28.677767,-17.766671,403,31.7,34.4,35.4,35.9,27.34,60.01,31.0,1.0,3.86,1,27.41,59.37
269545,2026-06-16 17:31:58,2026-06-16 15:56:17,28.677767,-17.766665,409,31.5,34.2,35.1,35.5,27.33,60.11,31.0,1.0,3.95,1,27.44,59.21
269546,2026-06-16 17:31:59,2026-06-16 15:56:18,28.677767,-17.76666,409,31.3,33.9,34.8,35.2,27.32,60.25,31.0,1.0,3.88,1,27.44,59.21
269547,2026-06-16 17:32:00,2026-06-16 15:56:19,28.677768,-17.766657,413,31.1,33.6,34.5,34.9,27.31,60.39,32.0,1.0,3.95,1,27.49,59.12
269548,2026-06-16 17:32:01,2026-06-16 15:56:20,28.677767,-17.766655,413,30.9,33.5,34.3,34.7,27.29,60.52,32.0,1.0,3.89,1,27.49,59.12
269549,2026-06-16 17:32:02,2026-06-16 15:56:21,28.677768,-17.766652,416,30.9,33.4,34.2,34.6,27.27,60.66,33.0,1.0,3.95,1,27.49,59.07
269550,2026-06-16 17:32:03,2026-06-16 15:56:22,28.677767,-17.766652,416,30.7,33.2,34.1,34.5,27.26,60.81,33.0,1.0,3.91,1,27.49,59.07
269551,2026-06-16 17:32:04,2026-06-16 15:56:23,28.677768,-17.766653,424,30.7,33.1,33.9,34.3,27.25,60.94,34.0,1.0,3.96,1,27.5,59.48
269552,2026-06-16 17:32:05,2026-06-16 15:56:24,28.677766,-17.76665,424,30.5,33.0,33.7,34.1,27.24,61.04,34.0,1.0,3.95,1,27.5,59.48
269553,2026-06-16 17:32:06,2026-06-16 15:56:25,28.677763,-17.766651,427,30.4,32.8,33.5,33.9,27.23,61.11,35.0,1.0,3.96,1,27.53,59.49
269554,2026-06-16 17:32:07,2026-06-16 15:56:26,28.677761,-17.766647,427,30.1,32.4,33.2,33.5,27.22,61.18,36.0,1.0,3.96,1,27.53,59.49
269555,2026-06-16 17:32:08,2026-06-16 15:56:27,28.677761,-17.766639,431,29.9,32.2,32.9,33.2,27.2,61.26,36.0,1.0,3.95,1,27.56,59.38
269556,2026-06-16 17:32:09,2026-06-16 15:56:28,28.67776,-17.766639,431,29.7,31.9,32.6,33.0,27.19,61.36,37.0,1.0,3.96,0,27.56,59.38
269557,2026-06-16 17:32:10,2026-06-16 15:56:29,28.67776,-17.766636,432,29.5,31.7,32.4,32.7,27.18,61.44,38.0,1.0,3.96,0,27.6,59.29
269558,2026-06-16 17:32:12,2026-06-16 15:56:30,28.677763,-17.766633,432,29.2,31.4,32.1,32.4,27.17,61.51,39.0,1.0,3.95,1,27.6,59.29
269559,2026-06-16 17:32:13,2026-06-16 15:56:31,28.677761,-17.766632,441,29.0,31.2,31.8,32.1,27.16,61.55,39.0,1.0,3.95,1,27.6,59.31
269560,2026-06-16 17:32:14,2026-06-16 15:56:32,28.677758,-17.766629,441,28.9,31.0,31.6,31.9,27.15,61.58,40.0,1.0,3.95,1,27.6,59.31
269561,2026-06-16 17:32:15,2026-06-16 15:56:33,28.677758,-17.766631,441,28.7,30.9,31.5,31.8,27.14,61.65,40.0,1.0,3.95,1,27.57,59.46
269562,2026-06-16 17:32:16,2026-06-16 15:56:34,28.677758,-17.766629,441,28.6,30.7,31.3,31.6,27.12,61.8,41.0,1.0,3.94,1,27.57,59.46
269563,2026-06-16 17:32:17,2026-06-16 15:56:35,28.677753,-17.766627,442,28.7,30.8,31.4,31.6,27.11,61.99,42.0,1.0,3.94,1,27.6,59.52
269564,2026-06-16 17:32:18,2026-06-16 15:56:36,28.677752,-17.766626,442,28.8,30.9,31.4,31.7,27.1,62.15,42.0,1.0,3.94,1,27.6,59.52
269565,2026-06-16 17:32:19,2026-06-16 15:56:37,28.677752,-17.766627,442,29.0,31.1,31.7,32.0,27.09,62.3,42.0,1.0,3.94,1,27.6,59.52
269566,2026-06-16 17:32:20,2026-06-16 15:56:38,28.677751,-17.766625,445,29.4,31.5,32.0,32.3,27.08,62.45,43.0,1.0,3.95,1,27.62,59.94
269567,2026-06-16 17:32:21,2026-06-16 15:56:39,28.677747,-17.766626,445,29.7,31.8,32.4,32.6,27.07,62.58,43.0,1.0,3.93,1,27.62,59.94
269568,2026-06-16 17:32:22,2026-06-16 15:56:40,28.677747,-17.766625,447,30.0,32.1,32.7,33.0,27.06,62.67,43.0,1.0,3.95,1,27.67,60.12
269569,2026-06-16 17:32:23,2026-06-16 15:56:41,28.677747,-17.766625,447,30.3,32.5,33.0,33.3,27.05,62.78,44.0,1.0,3.93,1,27.67,60.12
269570,2026-06-16 17:32:24,2026-06-16 15:56:42,28.677742,-17.766626,447,30.5,32.7,33.2,33.5,27.03,63.02,44.0,1.0,3.95,1,27.62,59.95
269571,2026-06-16 17:32:25,2026-06-16 15:56:43,28.677738,-17.766627,447,30.8,32.9,33.5,33.7,27.02,63.31,45.0,1.0,3.89,1,27.62,59.95
269572,2026-06-16 17:32:26,2026-06-16 15:56:44,28.677738,-17.766627,447,30.9,33.1,33.6,33.9,27.01,63.67,46.0,1.0,3.94,1,27.66,59.79
269573,2026-06-16 17:32:27,2026-06-16 15:56:45,28.677734,-17.76663,447,31.0,33.1,33.7,33.9,27.0,64.05,47.0,1.0,3.87,1,27.66,59.79
269574,2026-06-16 17:32:28,2026-06-16 15:56:46,28.677733,-17.76663,448,30.9,33.0,33.6,33.8,26.99,64.35,48.0,1.0,3.94,1,27.72,59.63
269575,2026-06-16 17:32:29,2026-06-16 15:56:47,28.67773,-17.766629,448,30.7,32.8,33.3,33.6,26.98,64.52,49.0,1.0,3.87,1,27.72,59.63
269576,2026-06-16 17:32:30,2026-06-16 15:56:48,28.677731,-17.766627,447,30.6,32.7,33.2,33.4,26.97,64.63,50.0,1.0,3.96,1,27.74,59.51
269577,2026-06-16 17:32:31,2026-06-16 15:56:49,28.677734,-17.766622,447,30.5,32.5,33.0,33.3,26.97,64.68,51.0,2.0,3.88,1,27.74,59.51
269578,2026-06-16 17:32:32,2026-06-16 15:56:50,28.677735,-17.766617,447,30.3,32.3,32.8,33.1,26.95,64.68,53.0,2.0,3.95,1,27.76,59.19
269579,2026-06-16 17:32:33,2026-06-16 15:56:51,28.677733,-17.766614,447,30.0,32.0,32.5,32.7,26.94,64.64,54.0,2.0,3.89,1,27.76,59.19
269580,2026-06-16 17:32:34,2026-06-16 15:56:52,28.677734,-17.766607,449,29.5,31.5,32.0,32.2,26.94,64.57,55.0,2.0,3.95,1,27.73,59.21
269581,2026-06-16 17:32:35,2026-06-16 15:56:53,28.677739,-17.76661,449,28.9,30.8,31.2,31.4,26.93,64.46,56.0,2.0,3.91,1,27.73,59.21
269582,2026-06-16 17:32:36,2026-06-16 15:56:54,28.677737,-17.766608,452,26.2,28.0,28.4,28.5,26.92,64.14,58.0,2.0,3.94,1,27.8,59.36
269583,2026-06-16 17:32:37,2026-06-16 15:56:55,28.677734,-17.766604,452,24.7,26.3,26.7,26.9,26.91,63.98,59.0,2.0,3.93,1,27.8,59.36
269584,2026-06-16 17:32:38,2026-06-16 15:56:56,28.677734,-17.766603,453,23.5,25.1,25.4,25.6,26.91,63.82,60.0,2.0,3.94,1,27.79,59.81
269585,2026-06-16 17:32:39,2026-06-16 15:56:57,28.677737,-17.766605,453,22.6,24.0,24.4,24.5,26.9,63.68,60.0,2.0,3.93,1,27.79,59.81
269586,2026-06-16 17:32:40,2026-06-16 15:56:58,28.677734,-17.766601,452,21.6,23.0,23.3,23.4,26.9,63.56,61.0,2.0,3.92,1,27.76,60.23
269587,2026-06-16 17:32:41,2026-06-16 15:56:59,28.677734,-17.766599,452,20.8,22.2,22.5,22.6,26.89,63.46,62.0,2.0,3.93,1,27.76,60.23
269588,2026-06-16 17:32:42,2026-06-16 15:57:00,28.677733,-17.766596,452,20.4,21.7,21.9,22.1,26.89,63.36,62.0,2.0,3.93,0,27.76,60.08
269589,2026-06-16 17:32:43,2026-06-16 15:57:01,28.677733,-17.766595,452,20.0,21.3,21.6,21.7,26.88,63.26,63.0,2.0,3.94,0,27.76,60.08
269590,2026-06-16 17:32:44,2026-06-16 15:57:02,28.677732,-17.766593,452,19.8,21.0,21.3,21.4,26.87,63.16,63.0,2.0,3.93,0,27.8,60.23
269591,2026-06-16 17:32:45,2026-06-16 15:57:03,28.677731,-17.766589,452,19.6,20.9,21.1,21.2,26.87,63.06,64.0,2.0,3.93,0,27.8,60.23
269592,2026-06-16 17:32:46,2026-06-16 15:57:04,28.67773,-17.766583,451,19.5,20.8,21.0,21.1,26.86,62.95,64.0,2.0,3.93,0,27.79,60.08
269593,2026-06-16 17:32:47,2026-06-16 15:57:05,28.677728,-17.766579,451,19.8,21.1,21.3,21.4,26.86,62.85,64.0,2.0,3.94,0,27.79,60.08
269594,2026-06-16 17:32:48,2026-06-16 15:57:06,28.677729,-17.766574,450,20.7,22.0,22.3,22.4,26.85,62.76,64.0,2.0,3.93,0,27.84,60.01
269595,2026-06-16 17:32:49,2026-06-16 15:57:07,28.67773,-17.766572,450,21.7,23.1,23.4,23.5,26.85,62.67,64.0,2.0,3.93,0,27.84,60.01
269596,2026-06-16 17:32:50,2026-06-16 15:57:08,28.677728,-17.766569,449,23.2,24.7,25.0,25.1,26.84,62.58,64.0,2.0,3.93,0,27.84,59.87
269597,2026-06-16 17:32:51,2026-06-16 15:57:09,28.677725,-17.766571,449,24.7,26.2,26.5,26.6,26.84,62.5,64.0,2.0,3.93,0,27.84,59.87
269598,2026-06-16 17:32:52,2026-06-16 15:57:10,28.677721,-17.766572,449,25.5,27.1,27.4,27.5,26.84,62.42,63.0,2.0,3.91,0,27.84,59.87
269599,2026-06-16 17:32:53,2026-06-16 15:57:11,28.677718,-17.766569,449,26.2,27.8,28.1,28.2,26.83,62.35,63.0,2.0,3.93,0,27.92,59.75
269600,2026-06-16 17:32:54,2026-06-16 15:57:12,28.677716,-17.766568,449,26.7,28.4,28.7,28.8,26.83,62.28,63.0,2.0,3.91,0,27.92,59.75
269601,2026-06-16 17:32:55,2026-06-16 15:57:13,28.677716,-17.766567,448,27.2,28.8,29.1,29.3,26.83,62.22,62.0,2.0,3.93,0,27.9,59.4
269602,2026-06-16 17:32:56,2026-06-16 15:57:14,28.677716,-17.766565,448,27.5,29.2,29.5,29.6,26.82,62.17,62.0,2.0,3.89,0,27.9,59.4
269603,2026-06-16 17:32:57,2026-06-16 15:57:15,28.67772,-17.766565,448,27.8,29.5,29.8,29.9,26.82,62.12,62.0,2.0,3.93,0,27.84,59.93
269604,2026-06-16 17:32:58,2026-06-16 15:57:16,28.677722,-17.766566,448,28.1,29.8,30.1,30.2,26.82,62.09,62.0,2.0,3.87,0,27.84,59.93
269605,2026-06-16 17:32:59,2026-06-16 15:57:17,28.677722,-17.766566,450,28.4,30.1,30.3,30.5,26.81,62.05,62.0,2.0,3.93,0,27.63,59.38
269606,2026-06-16 17:33:00,2026-06-16 15:57:18,28.677722,-17.766567,450,28.6,30.3,30.5,30.7,26.81,62.01,62.0,2.0,3.85,0,27.63,59.38
269607,2026-06-16 17:33:01,2026-06-16 15:57:19,28.677723,-17.766569,450,28.8,30.6,30.8,30.9,26.8,61.97,62.0,2.0,3.93,0,27.63,59.15
269608,2026-06-16 17:33:02,2026-06-16 15:57:20,28.677718,-17.766568,450,29.0,30.7,31.0,31.1,26.8,61.94,63.0,2.0,3.82,1,27.63,59.15
269609,2026-06-16 17:33:03,2026-06-16 15:57:21,28.677711,-17.766565,446,28.9,30.6,30.9,31.0,26.8,61.93,64.0,2.0,3.88,1,27.72,59.09
269610,2026-06-16 17:33:04,2026-06-16 15:57:22,28.677712,-17.766563,446,28.3,30.0,30.3,30.4,26.79,61.94,64.0,2.0,3.8,1,27.72,59.09
269611,2026-06-16 17:33:05,2026-06-16 15:57:23,28.677713,-17.766562,445,26.7,28.3,28.5,28.6,26.78,61.95,65.0,2.0,3.91,1,27.77,59.06
269612,2026-06-16 17:33:06,2026-06-16 15:57:24,28.677714,-17.76656,445,24.6,26.1,26.3,26.4,26.78,61.95,66.0,2.0,3.84,1,27.77,59.06
269613,2026-06-16 17:33:07,2026-06-16 15:57:25,28.677715,-17.766558,444,23.2,24.6,24.8,24.9,26.77,61.94,68.0,2.0,3.91,1,27.83,59.22
269614,2026-06-16 17:33:08,2026-06-16 15:57:26,28.677714,-17.766554,444,21.9,23.2,23.4,23.5,26.77,61.94,69.0,2.0,3.87,1,27.83,59.22
269615,2026-06-16 17:33:09,2026-06-16 15:57:27,28.677715,-17.766553,443,21.2,22.4,22.6,22.7,26.76,61.92,70.0,2.0,3.93,1,27.85,61.02
269616,2026-06-16 17:33:10,2026-06-16 15:57:28,28.677716,-17.766553,443,20.5,21.7,21.9,22.0,26.75,61.9,70.0,2.0,3.91,1,27.85,61.02
269617,2026-06-16 17:33:11,2026-06-16 15:57:30,28.67772,-17.766551,442,19.8,21.0,21.2,21.3,26.75,61.89,71.0,2.0,3.93,1,27.88,62.43
269618,2026-06-16 17:33:12,2026-06-16 15:57:31,28.67772,-17.766548,442,19.3,20.4,20.6,20.7,26.75,61.88,71.0,2.0,3.89,1,27.88,62.43
269619,2026-06-16 17:33:13,2026-06-16 15:57:32,28.677722,-17.766548,440,18.8,19.9,20.1,20.1,26.74,61.93,71.0,2.0,3.91,1,27.9,63.58
269620,2026-06-16 17:33:14,2026-06-16 15:57:33,28.677722,-17.766548,440,18.5,19.6,19.7,19.8,26.73,62.06,72.0,2.0,3.91,1,27.9,63.58
269621,2026-06-16 17:33:15,2026-06-16 15:57:34,28.677723,-17.76655,441,18.2,19.3,19.4,19.5,26.72,62.34,72.0,2.0,3.93,1,27.73,62.12
269622,2026-06-16 17:33:16,2026-06-16 15:57:35,28.677726,-17.766547,441,17.9,19.0,19.1,19.2,26.71,62.72,73.0,2.0,3.93,1,27.73,62.12
269623,2026-06-16 17:33:17,2026-06-16 15:57:36,28.677728,-17.766546,435,17.7,18.8,18.9,19.0,26.7,63.17,74.0,2.0,3.94,0,27.7,60.9
269624,2026-06-16 17:33:18,2026-06-16 15:57:37,28.67773,-17.766544,435,17.5,18.6,18.7,18.8,26.69,63.55,75.0,2.0,3.94,0,27.7,60.9
269625,2026-06-16 17:33:19,2026-06-16 15:57:38,28.67773,-17.766542,427,17.3,18.3,18.4,18.5,26.67,63.92,84.0,2.0,3.94,0,27.77,60.4
269626,2026-06-16 17:33:20,2026-06-16 15:57:39,28.67773,-17.766543,427,17.0,18.0,18.2,18.2,26.67,64.2,92.0,2.0,3.93,0,27.77,60.4
269627,2026-06-16 17:33:21,2026-06-16 15:57:40,28.677729,-17.766541,424,16.8,17.7,17.9,18.0,26.65,64.41,98.0,2.0,3.93,1,27.83,60.14
269628,2026-06-16 17:33:22,2026-06-16 15:57:41,28.677727,-17.766535,424,16.5,17.5,17.6,17.7,26.64,64.55,102.0,2.0,3.93,1,27.83,60.14
269629,2026-06-16 17:33:23,2026-06-16 15:57:42,28.677728,-17.76654,424,16.2,17.1,17.3,17.3,26.61,64.64,105.0,2.0,3.91,1,27.83,60.14
269630,2026-06-16 17:33:24,2026-06-16 15:57:43,28.677729,-17.766543,432,15.9,16.9,17.0,17.1,26.6,64.73,107.0,2.0,3.92,1,27.83,60.32
269631,2026-06-16 17:33:25,2026-06-16 15:57:44,28.677727,-17.76654,432,15.5,16.4,16.5,16.6,26.58,64.78,108.0,2.0,3.91,1,27.83,60.32
269632,2026-06-16 17:33:26,2026-06-16 15:57:45,28.677724,-17.766539,442,15.2,16.0,16.2,16.2,26.57,64.79,110.0,2.0,3.89,1,27.81,60.04
269633,2026-06-16 17:33:27,2026-06-16 15:57:46,28.677723,-17.766538,442,14.8,15.6,15.8,15.8,26.55,64.78,111.0,2.0,3.89,1,27.81,60.04
269634,2026-06-16 17:33:28,2026-06-16 15:57:47,28.677728,-17.76654,358,14.2,15.1,15.2,15.2,26.52,64.75,113.0,2.0,3.89,1,27.5,59.46
269635,2026-06-16 17:33:29,2026-06-16 15:57:48,28.67773,-17.766544,358,13.6,14.4,14.5,14.5,26.5,64.69,113.0,2.0,3.86,1,27.5,59.46
269636,2026-06-16 17:33:30,2026-06-16 15:57:49,28.67773,-17.766543,347,13.1,13.9,14.0,14.0,26.48,64.62,114.0,2.0,3.91,1,27.1,59.21
269637,2026-06-16 17:33:31,2026-06-16 15:57:50,28.677732,-17.766543,347,12.7,13.4,13.5,13.5,26.46,64.56,114.0,2.0,3.82,1,27.1,59.21
269638,2026-06-16 17:33:32,2026-06-16 15:57:51,28.67773,-17.766541,330,12.3,13.0,13.1,13.1,26.43,64.52,113.0,2.0,3.91,1,27.14,59.75
269639,2026-06-16 17:33:33,2026-06-16 15:57:52,28.677731,-17.766542,330,11.9,12.6,12.7,12.8,26.42,64.56,113.0,2.0,3.84,1,27.14,59.75
269640,2026-06-16 17:33:34,2026-06-16 15:57:53,28.677731,-17.766542,374,11.6,12.3,12.4,12.4,26.39,64.64,112.0,2.0,3.91,1,27.17,59.87
269641,2026-06-16 17:33:35,2026-06-16 15:57:54,28.677732,-17.76654,374,11.4,12.0,12.1,12.1,26.37,64.76,111.0,2.0,3.84,1,27.17,59.87
269642,2026-06-16 17:33:36,2026-06-16 15:57:55,28.677732,-17.766541,355,11.1,11.7,11.8,11.9,26.35,64.94,110.0,2.0,3.94,0,27.28,59.96
269643,2026-06-16 17:33:37,2026-06-16 15:57:56,28.677731,-17.76654,355,10.9,11.5,11.6,11.6,26.33,65.12,109.0,2.0,3.84,1,27.28,59.96
269644,2026-06-16 17:33:38,2026-06-16 15:57:57,28.677732,-17.766538,343,10.7,11.4,11.4,11.5,26.31,65.34,108.0,2.0,3.91,1,27.35,60.12
269645,2026-06-16 17:33:39,2026-06-16 15:57:58,28.677733,-17.766539,343,10.6,11.2,11.3,11.4,26.29,65.55,107.0,2.0,3.86,1,27.35,60.12
269646,2026-06-16 17:33:40,2026-06-16 15:57:59,28.677735,-17.766543,359,10.5,11.1,11.2,11.2,26.27,65.75,106.0,2.0,3.91,1,27.42,60.27
269647,2026-06-16 17:33:41,2026-06-16 15:58:00,28.677735,-17.766546,359,10.4,11.0,11.1,11.1,26.25,65.89,104.0,2.0,3.88,1,27.42,60.27
269648,2026-06-16 17:33:42,2026-06-16 15:58:01,28.677737,-17.766547,409,10.3,10.9,11.0,11.0,26.24,65.96,103.0,2.0,3.91,1,27.12,60.3
269649,2026-06-16 17:33:43,2026-06-16 15:58:02,28.677736,-17.766545,409,10.3,10.9,11.0,11.1,26.23,65.98,102.0,2.0,3.91,1,27.12,60.3
269650,2026-06-16 17:33:44,2026-06-16 15:58:03,28.677737,-17.766548,393,10.4,11.1,11.2,11.2,26.21,65.98,101.0,2.0,3.91,1,27.07,60.26
269651,2026-06-16 17:33:45,2026-06-16 15:58:04,28.677736,-17.766546,393,10.5,11.1,11.2,11.3,26.2,65.95,100.0,2.0,3.91,1,27.07,60.26
269652,2026-06-16 17:33:46,2026-06-16 15:58:05,28.677733,-17.766549,378,10.6,11.2,11.3,11.4,26.19,65.9,99.0,2.0,3.91,1,27.17,60.47
269653,2026-06-16 17:33:47,2026-06-16 15:58:06,28.677733,-17.766549,378,10.7,11.3,11.4,11.5,26.18,65.86,99.0,2.0,3.91,1,27.17,60.47
269654,2026-06-16 17:33:48,2026-06-16 15:58:07,28.677732,-17.766549,361,10.7,11.4,11.5,11.5,26.17,65.94,98.0,2.0,3.93,1,27.21,60.5
269655,2026-06-16 17:33:49,2026-06-16 15:58:08,28.67773,-17.766548,361,10.8,11.5,11.6,11.6,26.16,66.23,97.0,2.0,3.91,1,27.21,60.5
269656,2026-06-16 17:33:50,2026-06-16 15:58:09,28.677728,-17.76655,351,10.9,11.6,11.7,11.8,26.16,66.75,96.0,2.0,3.91,1,27.17,60.56
269657,2026-06-16 17:33:51,2026-06-16 15:58:10,28.677726,-17.76655,351,11.0,11.7,11.8,11.9,26.15,67.47,96.0,2.0,3.91,1,27.17,60.56
269658,2026-06-16 17:33:52,2026-06-16 15:58:11,28.677726,-17.766551,350,11.1,11.8,11.9,12.0,26.15,68.23,96.0,2.0,3.91,1,27.22,60.6
269659,2026-06-16 17:33:53,2026-06-16 15:58:12,28.677726,-17.76655,350,11.2,11.9,12.0,12.1,26.14,68.98,96.0,2.0,3.89,1,27.22,60.6
269660,2026-06-16 17:33:54,2026-06-16 15:58:13,28.677728,-17.766548,350,11.3,12.0,12.1,12.2,26.14,69.7,97.0,2.0,3.91,1,27.22,60.6
269661,2026-06-16 17:33:55,2026-06-16 15:58:14,28.67773,-17.766544,365,11.4,12.1,12.3,12.3,26.14,70.31,98.0,2.0,3.91,1,27.18,60.55
269662,2026-06-16 17:33:56,2026-06-16 15:58:15,28.677732,-17.766543,365,11.6,12.3,12.5,12.5,26.14,70.73,99.0,2.0,3.89,1,27.18,60.55
269663,2026-06-16 17:33:57,2026-06-16 15:58:16,28.677733,-17.766544,359,11.8,12.5,12.7,12.8,26.14,70.96,99.0,2.0,3.91,1,27.24,60.66
269664,2026-06-16 17:33:58,2026-06-16 15:58:17,28.677732,-17.766542,358,12.2,13.0,13.2,13.2,26.13,71.02,100.0,2.0,3.89,1,27.31,60.73
269665,2026-06-16 17:33:59,2026-06-16 15:58:18,28.677733,-17.766536,358,13.2,14.0,14.2,14.3,26.13,70.97,100.0,2.0,3.89,1,27.31,60.73
269666,2026-06-16 17:34:00,2026-06-16 15:58:19,28.677731,-17.766544,358,15.4,16.4,16.6,16.7,26.13,70.83,100.0,2.0,3.91,1,27.31,60.73
269667,2026-06-16 17:34:01,2026-06-16 15:58:20,28.677734,-17.766548,360,16.7,17.8,18.0,18.1,26.14,70.61,99.0,2.0,3.91,1,27.38,61.18
269668,2026-06-16 17:34:02,2026-06-16 15:58:21,28.677733,-17.766544,360,17.6,18.8,19.0,19.1,26.14,70.33,98.0,2.0,3.89,1,27.38,61.18
269669,2026-06-16 17:34:03,2026-06-16 15:58:22,28.677736,-17.766542,369,18.5,19.7,19.9,20.0,26.14,70.04,97.0,2.0,3.91,0,27.41,61.81
269670,2026-06-16 17:34:04,2026-06-16 15:58:23,28.677733,-17.766543,369,20.1,21.4,21.6,21.8,26.14,69.74,96.0,2.0,3.9,0,27.41,61.81
269671,2026-06-16 17:34:05,2026-06-16 15:58:24,28.677728,-17.766539,368,21.3,22.7,22.9,23.1,26.14,69.44,94.0,2.0,3.91,0,27.45,62.24
269672,2026-06-16 17:34:06,2026-06-16 15:58:25,28.677725,-17.766543,368,22.4,23.9,24.2,24.3,26.14,69.16,93.0,2.0,3.86,0,27.45,62.24
269673,2026-06-16 17:34:07,2026-06-16 15:58:26,28.677722,-17.766538,383,23.1,24.6,24.9,25.0,26.14,68.9,92.0,2.0,3.91,1,27.49,62.66
269674,2026-06-16 17:34:08,2026-06-16 15:58:27,28.677721,-17.766534,383,23.4,24.9,25.2,25.4,26.14,68.68,92.0,2.0,3.84,1,27.49,62.66
269675,2026-06-16 17:34:09,2026-06-16 15:58:28,28.677724,-17.766535,390,23.6,25.1,25.4,25.5,26.15,68.55,91.0,2.0,3.91,1,27.52,63.28
269676,2026-06-16 17:34:10,2026-06-16 15:58:29,28.677726,-17.766532,390,23.6,25.1,25.4,25.6,26.15,68.48,90.0,2.0,3.85,1,27.52,63.28
269677,2026-06-16 17:34:11,2026-06-16 15:58:30,28.677728,-17.76653,409,23.7,25.1,25.4,25.6,26.15,68.44,89.0,2.0,3.93,1,27.32,62.48
269678,2026-06-16 17:34:12,2026-06-16 15:58:31,28.677731,-17.766531,409,23.7,25.2,25.5,25.6,26.15,68.63,89.0,2.0,3.86,1,27.32,62.48
269679,2026-06-16 17:34:13,2026-06-16 15:58:32,28.677731,-17.76653,412,23.7,25.2,25.5,25.6,26.15,69.01,89.0,2.0,3.93,1,27.41,61.63
269680,2026-06-16 17:34:14,2026-06-16 15:58:33,28.677731,-17.766529,412,23.7,25.2,25.5,25.6,26.15,69.43,89.0,2.0,3.87,1,27.41,61.63
269681,2026-06-16 17:34:15,2026-06-16 15:58:34,28.67773,-17.766528,420,23.7,25.2,25.4,25.5,26.15,69.78,89.0,2.0,3.93,1,27.48,61.42
269682,2026-06-16 17:34:16,2026-06-16 15:58:35,28.67773,-17.766528,420,23.6,25.1,25.3,25.4,26.16,70.03,90.0,2.0,3.89,1,27.48,61.42
269683,2026-06-16 17:34:17,2026-06-16 15:58:36,28.67773,-17.766528,426,23.6,25.0,25.3,25.4,26.16,70.22,90.0,2.0,3.91,1,27.5,61.36
269684,2026-06-16 17:34:18,2026-06-16 15:58:37,28.677731,-17.76653,426,23.6,25.0,25.2,25.3,26.16,70.43,90.0,2.0,3.91,1,27.5,61.36
269685,2026-06-16 17:34:19,2026-06-16 15:58:38,28.67773,-17.76653,434,23.5,24.9,25.2,25.3,26.16,70.64,91.0,2.0,3.91,1,27.55,61.12
269686,2026-06-16 17:34:20,2026-06-16 15:58:39,28.677727,-17.766531,434,23.5,24.9,25.1,25.2,26.16,70.72,92.0,2.0,3.91,1,27.55,61.12
269687,2026-06-16 17:34:21,2026-06-16 15:58:40,28.677725,-17.766535,443,23.4,24.9,25.1,25.2,26.16,70.68,93.0,2.0,3.91,1,27.57,60.98
269688,2026-06-16 17:34:22,2026-06-16 15:58:41,28.677725,-17.766542,443,23.4,24.8,25.0,25.1,26.16,70.54,93.0,2.0,3.93,0,27.57,60.98
269689,2026-06-16 17:34:23,2026-06-16 15:58:42,28.677723,-17.76655,459,23.3,24.7,24.9,25.0,26.17,70.33,93.0,2.0,3.94,0,27.55,60.62
269690,2026-06-16 17:34:24,2026-06-16 15:58:43,28.67772,-17.766553,459,23.2,24.6,24.8,24.9,26.17,70.07,93.0,2.0,3.94,0,27.55,60.62
269691,2026-06-16 17:34:25,2026-06-16 15:58:44,28.677723,-17.766567,475,23.3,24.6,24.8,24.9,26.17,69.77,93.0,2.0,3.91,0,27.59,60.27
269692,2026-06-16 17:34:26,2026-06-16 15:58:45,28.677718,-17.766576,475,23.6,25.0,25.1,25.2,26.17,69.44,92.0,2.0,3.93,0,27.59,60.27
269693,2026-06-16 17:34:27,2026-06-16 15:58:46,28.67772,-17.766584,462,26.8,28.4,28.6,28.7,26.17,69.11,91.0,2.0,3.93,0,27.63,60.02
269694,2026-06-16 17:34:29,2026-06-16 15:58:47,28.677715,-17.766584,462,29.7,31.4,31.6,31.7,26.17,68.79,90.0,2.0,3.89,1,27.63,60.02
269695,2026-06-16 17:34:30,2026-06-16 15:58:48,28.677713,-17.766588,482,31.3,33.1,33.4,33.5,26.17,68.48,88.0,2.0,3.91,1,27.66,59.68
269696,2026-06-16 17:34:31,2026-06-16 15:58:49,28.677713,-17.766588,482,32.2,34.1,34.3,34.4,26.17,68.18,87.0,2.0,3.89,1,27.66,59.68
269697,2026-06-16 17:34:32,2026-06-16 15:58:50,28.677713,-17.766589,503,32.9,34.8,35.1,35.2,26.17,67.89,85.0,2.0,3.89,1,27.63,59.52
269698,2026-06-16 17:34:33,2026-06-16 15:58:51,28.677713,-17.766591,503,33.6,35.6,35.8,35.9,26.17,67.63,84.0,2.0,3.91,1,27.63,59.52
269699,2026-06-16 17:34:34,2026-06-16 15:58:52,28.677713,-17.766592,503,34.1,36.0,36.2,36.3,26.17,67.38,82.0,2.0,3.91,1,27.63,59.52
269700,2026-06-16 17:34:35,2026-06-16 15:58:53,28.677715,-17.766593,511,34.1,36.0,36.2,36.3,26.17,67.19,81.0,2.0,3.91,1,27.6,59.43
269701,2026-06-16 17:34:36,2026-06-16 15:58:54,28.677715,-17.766594,511,33.8,35.7,35.9,36.0,26.17,67.05,80.0,2.0,3.91,1,27.6,59.43
269702,2026-06-16 17:34:37,2026-06-16 15:58:55,28.677716,-17.766595,508,32.8,34.7,34.9,34.9,26.17,66.95,79.0,2.0,3.91,1,27.59,59.37
269703,2026-06-16 17:34:38,2026-06-16 15:58:56,28.677716,-17.766596,508,31.5,33.2,33.4,33.5,26.18,66.89,78.0,2.0,3.89,1,27.59,59.37
269704,2026-06-16 17:34:39,2026-06-16 15:58:57,28.677718,-17.766597,499,29.9,31.6,31.7,31.8,26.18,66.94,78.0,2.0,3.91,1,27.62,59.52
269705,2026-06-16 17:34:40,2026-06-16 15:58:58,28.677716,-17.766601,499,28.6,30.1,30.3,30.4,26.18,67.05,78.0,2.0,3.88,1,27.62,59.52
269706,2026-06-16 17:34:41,2026-06-16 15:58:59,28.677715,-17.766602,491,27.3,28.8,29.0,29.1,26.18,67.11,78.0,2.0,3.91,1,27.69,59.82
269707,2026-06-16 17:34:42,2026-06-16 15:59:00,28.677714,-17.766602,491,26.2,27.7,27.8,27.9,26.18,67.1,79.0,2.0,3.84,1,27.69,59.82
269708,2026-06-16 17:34:43,2026-06-16 15:59:01,28.677713,-17.766601,480,25.3,26.7,26.9,26.9,26.18,67.02,79.0,2.0,3.93,1,27.7,59.84
269709,2026-06-16 17:34:44,2026-06-16 15:59:02,28.677711,-17.766602,480,24.7,26.1,26.2,26.3,26.18,66.89,79.0,2.0,3.85,0,27.7,59.84
269710,2026-06-16 17:34:45,2026-06-16 15:59:03,28.67771,-17.766603,471,24.3,25.7,25.8,25.8,26.18,66.75,80.0,2.0,3.93,0,27.74,59.73
269711,2026-06-16 17:34:46,2026-06-16 15:59:04,28.677709,-17.766605,471,24.0,25.4,25.5,25.5,26.18,66.59,80.0,2.0,3.84,0,27.74,59.73
269712,2026-06-16 17:34:47,2026-06-16 15:59:05,28.677708,-17.766606,468,23.9,25.2,25.4,25.4,26.18,66.43,79.0,2.0,3.92,0,27.76,59.43
269713,2026-06-16 17:34:48,2026-06-16 15:59:06,28.677705,-17.766611,468,23.9,25.2,25.3,25.4,26.18,66.27,79.0,2.0,3.85,0,27.76,59.43
269714,2026-06-16 17:34:49,2026-06-16 15:59:07,28.677707,-17.766612,459,24.7,26.0,26.2,26.2,26.18,66.12,79.0,2.0,3.91,1,27.77,59.6
269715,2026-06-16 17:34:50,2026-06-16 15:59:08,28.677706,-17.766614,459,27.5,29.1,29.2,29.3,26.18,66.05,78.0,2.0,3.85,1,27.77,59.6
269716,2026-06-16 17:34:51,2026-06-16 15:59:09,28.677706,-17.766615,463,28.9,30.5,30.6,30.7,26.17,65.99,78.0,2.0,3.93,1,27.79,59.54
269717,2026-06-16 17:34:52,2026-06-16 15:59:10,28.677704,-17.766615,463,29.5,31.2,31.3,31.4,26.17,65.94,77.0,2.0,3.89,1,27.79,59.54
269718,2026-06-16 17:34:53,2026-06-16 15:59:11,28.677701,-17.766619,456,29.7,31.4,31.5,31.6,26.17,65.88,76.0,2.0,3.93,1,27.84,59.31
269719,2026-06-16 17:34:54,2026-06-16 15:59:12,28.6777,-17.76662,456,29.9,31.5,31.6,31.7,26.17,65.8,76.0,2.0,3.91,1,27.84,59.31
269720,2026-06-16 17:34:55,2026-06-16 15:59:13,28.677699,-17.766622,464,30.0,31.6,31.8,31.9,26.17,65.73,75.0,2.0,3.93,1,27.79,59.09
269721,2026-06-16 17:34:56,2026-06-16 15:59:14,28.677699,-17.766626,464,30.1,31.8,31.9,32.0,26.17,65.67,74.0,2.0,3.91,1,27.79,59.09
269722,2026-06-16 17:34:57,2026-06-16 15:59:15,28.6777,-17.766625,460,30.2,31.8,32.0,32.0,26.17,65.61,74.0,2.0,3.93,1,27.8,59.0
269723,2026-06-16 17:34:58,2026-06-16 15:59:16,28.677702,-17.766623,460,30.3,31.9,32.1,32.1,26.17,65.57,74.0,2.0,3.93,1,27.8,59.0
269724,2026-06-16 17:34:59,2026-06-16 15:59:17,28.677703,-17.766624,454,30.3,32.0,32.1,32.2,26.17,65.54,74.0,2.0,3.92,1,27.76,58.92
269725,2026-06-16 17:35:00,2026-06-16 15:59:18,28.677702,-17.766625,454,30.5,32.1,32.3,32.3,26.17,65.5,74.0,2.0,3.94,1,27.76,58.92
269726,2026-06-16 17:35:01,2026-06-16 15:59:19,28.677701,-17.766627,458,30.5,32.1,32.3,32.3,26.17,65.46,74.0,2.0,3.93,1,27.53,58.81
269727,2026-06-16 17:35:02,2026-06-16 15:59:20,28.6777,-17.766627,458,30.5,32.2,32.3,32.4,26.16,65.43,75.0,2.0,3.93,1,27.53,58.81
269728,2026-06-16 17:35:03,2026-06-16 15:59:21,28.677699,-17.766628,453,30.5,32.1,32.2,32.3,26.16,65.38,75.0,2.0,3.93,1,27.48,59.03
269729,2026-06-16 17:35:04,2026-06-16 15:59:22,28.677698,-17.766628,453,30.5,32.1,32.3,32.3,26.16,65.35,76.0,2.0,3.94,0,27.48,59.03
269730,2026-06-16 17:35:05,2026-06-16 15:59:23,28.677698,-17.766627,449,30.6,32.3,32.4,32.5,26.16,65.32,77.0,2.0,3.93,0,27.59,59.27
269731,2026-06-16 17:35:06,2026-06-16 15:59:24,28.677697,-17.766628,449,30.8,32.5,32.6,32.7,26.16,65.28,77.0,2.0,3.93,0,27.59,59.27
269732,2026-06-16 17:35:07,2026-06-16 15:59:25,28.677696,-17.76663,449,31.6,33.3,33.5,33.5,26.15,65.24,78.0,2.0,3.92,0,27.59,59.27
269733,2026-06-16 17:35:08,2026-06-16 15:59:26,28.677696,-17.766629,446,32.8,34.6,34.8,34.8,26.15,65.2,78.0,2.0,3.93,1,27.63,59.58
269734,2026-06-16 17:35:09,2026-06-16 15:59:27,28.677695,-17.76663,446,36.8,38.8,39.0,39.1,26.15,65.18,78.0,2.0,3.91,1,27.63,59.58
269735,2026-06-16 17:35:10,2026-06-16 15:59:28,28.677693,-17.766632,444,40.8,43.1,43.2,43.3,26.15,65.17,78.0,2.0,3.91,1,27.64,59.62
269736,2026-06-16 17:35:11,2026-06-16 15:59:29,28.67769,-17.766632,444,53.7,56.6,56.8,57.0,26.15,65.14,78.0,2.0,3.89,1,27.64,59.62
269737,2026-06-16 17:35:12,2026-06-16 15:59:30,28.677688,-17.766633,439,65.2,68.8,69.1,69.2,26.14,65.1,77.0,2.0,3.91,1,27.7,59.52
269738,2026-06-16 17:35:13,2026-06-16 15:59:31,28.677687,-17.766632,439,78.2,82.4,82.8,83.0,26.14,65.04,76.0,2.0,3.85,1,27.7,59.52
269739,2026-06-16 17:35:14,2026-06-16 15:59:32,28.677687,-17.766633,438,82.9,87.4,87.8,88.0,26.14,64.97,74.0,2.0,3.93,1,27.73,59.29
269740,2026-06-16 17:35:15,2026-06-16 15:59:33,28.677686,-17.766633,438,87.6,92.4,92.8,93.0,26.14,64.92,72.0,2.0,3.85,1,27.73,59.29
269741,2026-06-16 17:35:16,2026-06-16 15:59:34,28.677687,-17.766634,439,92.9,98.0,98.4,98.6,26.14,64.86,70.0,2.0,3.93,1,27.77,59.05
269742,2026-06-16 17:35:17,2026-06-16 15:59:35,28.677686,-17.766634,439,103.2,108.8,109.3,109.5,26.14,64.81,69.0,2.0,3.84,1,27.77,59.05
269743,2026-06-16 17:35:18,2026-06-16 15:59:36,28.677684,-17.766636,440,108.4,114.3,114.9,115.1,26.13,64.77,68.0,2.0,3.91,1,27.81,58.88
269744,2026-06-16 17:35:19,2026-06-16 15:59:37,28.677684,-17.766637,440,111.6,117.7,118.3,118.6,26.13,64.72,66.0,2.0,3.84,1,27.81,58.88
269745,2026-06-16 17:35:20,2026-06-16 15:59:38,28.677684,-17.766637,446,114.3,120.6,121.2,121.5,26.12,64.7,65.0,2.0,3.91,1,27.8,58.75
269746,2026-06-16 17:35:21,2026-06-16 15:59:39,28.677682,-17.766639,446,116.8,123.3,123.9,124.2,26.12,64.71,63.0,3.0,3.86,1,27.8,58.75
269747,2026-06-16 17:35:22,2026-06-16 15:59:41,28.67768,-17.766643,453,119.0,125.6,126.4,126.7,26.12,64.76,61.0,3.0,3.91,1,27.81,58.67
269748,2026-06-16 17:35:23,2026-06-16 15:59:42,28.67768,-17.766643,453,120.8,127.5,128.3,128.6,26.12,64.91,59.0,3.0,3.89,0,27.81,58.67
269749,2026-06-16 17:35:24,2026-06-16 15:59:43,28.677678,-17.766644,460,122.0,128.9,129.6,130.0,26.11,65.09,57.0,3.0,3.93,0,27.84,58.68
269750,2026-06-16 17:35:25,2026-06-16 15:59:44,28.677675,-17.766648,460,122.6,129.5,130.3,130.6,26.11,65.23,55.0,3.0,3.93,0,27.84,58.68
269751,2026-06-16 17:35:26,2026-06-16 15:59:45,28.677671,-17.766649,466,118.4,125.1,125.8,126.2,26.11,65.3,54.0,3.0,3.93,0,27.88,58.72
269752,2026-06-16 17:35:27,2026-06-16 15:59:46,28.677668,-17.76665,466,98.1,103.5,104.0,104.2,26.1,65.31,52.0,3.0,3.93,0,27.88,58.72
269753,2026-06-16 17:35:28,2026-06-16 15:59:47,28.677668,-17.766651,477,76.4,80.6,81.0,81.1,26.1,65.3,52.0,3.0,3.93,0,27.92,58.65
269754,2026-06-16 17:35:29,2026-06-16 15:59:48,28.67767,-17.766652,477,66.6,70.3,70.6,70.8,26.09,65.25,51.0,3.0,3.93,0,27.92,58.65
269755,2026-06-16 17:35:30,2026-06-16 15:59:49,28.677667,-17.766656,495,57.9,61.0,61.3,61.5,26.09,65.2,51.0,3.0,3.93,0,27.91,58.46
269756,2026-06-16 17:35:31,2026-06-16 15:59:50,28.677662,-17.766661,495,54.5,57.5,57.8,58.0,26.08,65.2,51.0,3.0,3.93,0,27.91,58.46
269757,2026-06-16 17:35:32,2026-06-16 15:59:51,28.677658,-17.766665,511,53.0,55.9,56.2,56.4,26.08,65.24,52.0,3.0,3.93,1,27.94,58.36
269758,2026-06-16 17:35:33,2026-06-16 15:59:52,28.677657,-17.766668,511,51.1,54.0,54.2,54.4,26.07,65.3,54.0,3.0,3.92,1,27.94,58.36
269759,2026-06-16 17:35:34,2026-06-16 15:59:53,28.677656,-17.766667,508,49.4,52.1,52.4,52.5,26.07,65.4,56.0,3.0,3.93,1,27.97,58.25
269760,2026-06-16 17:35:35,2026-06-16 15:59:54,28.677653,-17.76667,508,47.4,50.1,50.3,50.4,26.06,65.48,58.0,3.0,3.93,1,27.97,58.25
269761,2026-06-16 17:35:36,2026-06-16 15:59:55,28.677649,-17.766671,526,45.9,48.5,48.7,48.8,26.05,65.53,61.0,3.0,3.91,1,27.92,58.38
269762,2026-06-16 17:35:37,2026-06-16 15:59:56,28.677646,-17.766671,526,44.4,46.9,47.1,47.2,26.04,65.54,64.0,3.0,3.93,1,27.92,58.38
269763,2026-06-16 17:35:38,2026-06-16 15:59:57,28.677641,-17.766669,526,42.9,45.2,45.5,45.6,26.03,65.52,67.0,3.0,3.91,1,27.92,58.38
269764,2026-06-16 17:35:39,2026-06-16 15:59:58,28.677634,-17.76667,521,42.0,44.3,44.6,44.7,26.02,65.47,70.0,3.0,3.93,1,28.0,58.51
269765,2026-06-16 17:35:40,2026-06-16 15:59:59,28.677629,-17.766671,521,41.4,43.7,44.0,44.1,26.01,65.42,73.0,3.0,3.91,1,28.0,58.51
269766,2026-06-16 17:35:41,2026-06-16 16:00:00,28.677627,-17.766671,519,41.2,43.5,43.8,43.9,26.0,65.36,76.0,3.0,3.91,1,27.98,58.6
269767,2026-06-16 17:35:42,2026-06-16 16:00:01,28.677626,-17.766672,519,40.7,43.0,43.3,43.4,26.0,65.31,78.0,3.0,3.91,1,27.98,58.6
269768,2026-06-16 17:35:43,2026-06-16 16:00:02,28.677623,-17.76667,515,40.4,42.6,42.9,43.0,25.99,65.26,80.0,4.0,3.93,1,28.01,58.76
269769,2026-06-16 17:35:44,2026-06-16 16:00:03,28.677623,-17.76667,515,40.1,42.3,42.6,42.7,25.98,65.22,82.0,4.0,3.86,1,28.01,58.76
269770,2026-06-16 17:35:45,2026-06-16 16:00:04,28.677622,-17.76667,513,39.8,42.0,42.3,42.4,25.96,65.18,84.0,4.0,3.93,1,28.05,59.1
269771,2026-06-16 17:35:46,2026-06-16 16:00:05,28.677622,-17.766671,513,39.4,41.7,42.0,42.1,25.95,65.15,86.0,4.0,3.85,1,28.05,59.1
269772,2026-06-16 17:35:47,2026-06-16 16:00:06,28.677622,-17.76667,512,39.2,41.5,41.7,41.9,25.93,65.11,88.0,4.0,3.93,0,28.04,59.36
269773,2026-06-16 17:35:48,2026-06-16 16:00:07,28.677622,-17.76667,512,39.3,41.5,41.8,42.0,25.92,65.08,90.0,4.0,3.87,0,28.04,59.36
269774,2026-06-16 17:35:49,2026-06-16 16:00:08,28.677622,-17.766668,503,39.5,41.8,42.1,42.3,25.91,65.05,91.0,4.0,3.93,0,28.08,59.25
269775,2026-06-16 17:35:50,2026-06-16 16:00:09,28.677619,-17.766668,503,39.7,42.1,42.4,42.5,25.89,65.04,92.0,4.0,3.84,0,28.08,59.25
269776,2026-06-16 17:35:51,2026-06-16 16:00:10,28.677614,-17.76667,498,40.0,42.4,42.7,42.9,25.88,65.02,92.0,4.0,3.89,0,28.07,58.9
269777,2026-06-16 17:35:52,2026-06-16 16:00:11,28.677607,-17.766676,498,40.2,42.6,43.0,43.1,25.86,65.0,93.0,4.0,3.87,0,28.07,58.9
269778,2026-06-16 17:35:53,2026-06-16 16:00:12,28.677607,-17.76668,493,40.5,42.9,43.3,43.4,25.84,65.0,93.0,4.0,3.91,1,28.11,58.55
269779,2026-06-16 17:35:54,2026-06-16 16:00:13,28.677603,-17.766681,493,40.7,43.2,43.6,43.8,25.83,65.01,94.0,4.0,3.87,1,28.11,58.55
269780,2026-06-16 17:35:55,2026-06-16 16:00:14,28.677599,-17.766682,491,41.1,43.6,44.0,44.2,25.81,65.02,95.0,4.0,3.93,1,28.14,58.48
269781,2026-06-16 17:35:56,2026-06-16 16:00:15,28.677595,-17.766685,491,41.4,44.0,44.4,44.6,25.78,65.04,95.0,4.0,3.91,1,28.14,58.48
269782,2026-06-16 17:35:57,2026-06-16 16:00:16,28.67759,-17.766689,494,41.8,44.4,44.8,45.1,25.76,65.09,96.0,4.0,3.93,1,28.14,58.33
269783,2026-06-16 17:35:58,2026-06-16 16:00:17,28.677588,-17.76669,494,42.0,44.6,45.1,45.3,25.75,65.11,96.0,4.0,3.93,1,28.14,58.33
269784,2026-06-16 17:35:59,2026-06-16 16:00:17,28.677588,-17.76669,493,42.1,44.7,45.2,45.4,25.73,65.14,96.0,4.0,3.91,1,28.08,58.18
269785,2026-06-16 17:36:00,2026-06-16 16:00:19,28.677585,-17.766704,493,42.1,44.8,45.3,45.5,25.7,65.18,97.0,4.0,3.91,1,28.08,58.18
269786,2026-06-16 17:36:01,2026-06-16 16:00:20,28.677583,-17.766701,492,41.9,44.6,45.1,45.3,25.66,65.28,99.0,4.0,3.93,1,28.09,58.1
269787,2026-06-16 17:36:02,2026-06-16 16:00:21,28.677584,-17.766702,492,41.7,44.4,44.9,45.1,25.64,65.34,100.0,4.0,3.93,1,28.09,58.1
269788,2026-06-16 17:36:03,2026-06-16 16:00:22,28.67759,-17.766708,490,41.6,44.3,44.8,45.0,25.61,65.4,102.0,4.0,3.93,1,28.12,58.39
269789,2026-06-16 17:36:04,2026-06-16 16:00:23,28.67759,-17.766707,490,41.6,44.2,44.7,45.0,25.59,65.47,104.0,4.0,3.94,1,28.12,58.39
269790,2026-06-16 17:36:05,2026-06-16 16:00:24,28.677589,-17.766708,489,41.7,44.3,44.8,45.1,25.57,65.54,106.0,4.0,3.93,1,28.14,58.52
269791,2026-06-16 17:36:06,2026-06-16 16:00:25,28.67759,-17.766707,489,41.9,44.5,45.0,45.3,25.55,65.62,108.0,4.0,3.93,1,28.14,58.52
269792,2026-06-16 17:36:07,2026-06-16 16:00:26,28.67759,-17.766705,487,42.1,44.7,45.2,45.5,25.52,65.69,110.0,4.0,3.93,0,28.15,58.5
269793,2026-06-16 17:36:08,2026-06-16 16:00:27,28.67759,-17.766702,487,42.2,44.9,45.4,45.6,25.5,65.77,111.0,4.0,3.94,0,28.15,58.5
269794,2026-06-16 17:36:09,2026-06-16 16:00:28,28.677588,-17.7667,488,42.3,44.9,45.4,45.6,25.49,65.88,113.0,4.0,3.93,0,28.12,58.3
269795,2026-06-16 17:36:10,2026-06-16 16:00:29,28.677584,-17.766698,488,42.3,45.0,45.4,45.7,25.47,65.98,114.0,4.0,3.93,0,28.12,58.3
269796,2026-06-16 17:36:11,2026-06-16 16:00:30,28.677584,-17.766697,490,42.3,45.0,45.5,45.7,25.44,66.06,116.0,4.0,3.93,0,28.14,58.27
269797,2026-06-16 17:36:12,2026-06-16 16:00:31,28.677581,-17.766697,490,42.4,45.0,45.5,45.8,25.42,66.15,117.0,4.0,3.93,0,28.14,58.27
269798,2026-06-16 17:36:13,2026-06-16 16:00:32,28.677581,-17.766698,490,42.4,45.0,45.5,45.7,25.41,66.27,118.0,4.0,3.93,0,28.16,58.31
269799,2026-06-16 17:36:14,2026-06-16 16:00:33,28.677582,-17.766701,490,42.3,45.0,45.5,45.7,25.39,66.44,119.0,4.0,3.93,0,28.16,58.31
269800,2026-06-16 17:36:15,2026-06-16 16:00:34,28.677581,-17.766704,490,42.4,45.0,45.5,45.7,25.36,66.6,121.0,4.0,3.93,0,28.16,58.31
269801,2026-06-16 17:36:16,2026-06-16 16:00:35,28.677581,-17.766706,491,42.2,44.8,45.3,45.5,25.34,66.73,122.0,4.0,3.93,0,28.14,58.2
269802,2026-06-16 17:36:17,2026-06-16 16:00:36,28.677582,-17.766706,491,42.0,44.6,45.1,45.3,25.33,66.94,123.0,4.0,3.93,0,28.14,58.2
269803,2026-06-16 17:36:18,2026-06-16 16:00:37,28.677581,-17.766707,492,41.8,44.4,44.9,45.1,25.32,67.24,124.0,4.0,3.93,0,28.18,58.05
269804,2026-06-16 17:36:19,2026-06-16 16:00:38,28.677579,-17.766712,492,41.5,44.0,44.5,44.7,25.3,67.62,125.0,4.0,3.91,0,28.18,58.05
269805,2026-06-16 17:36:20,2026-06-16 16:00:39,28.67758,-17.766714,491,41.1,43.6,44.1,44.3,25.28,67.99,126.0,4.0,3.93,0,28.18,57.9
269806,2026-06-16 17:36:21,2026-06-16 16:00:40,28.677578,-17.766717,491,40.8,43.3,43.7,43.9,25.26,68.37,128.0,4.0,3.88,0,28.18,57.9
269807,2026-06-16 17:36:22,2026-06-16 16:00:41,28.677576,-17.766715,490,40.5,43.0,43.4,43.6,25.25,68.8,129.0,4.0,3.91,0,28.16,57.87
269808,2026-06-16 17:36:23,2026-06-16 16:00:42,28.677576,-17.766713,490,40.3,42.7,43.1,43.3,25.24,69.2,130.0,4.0,3.82,1,28.16,57.87
269809,2026-06-16 17:36:24,2026-06-16 16:00:43,28.677578,-17.766711,490,40.0,42.4,42.8,43.0,25.23,69.6,132.0,4.0,3.91,1,28.15,57.94
269810,2026-06-16 17:36:25,2026-06-16 16:00:44,28.677577,-17.766705,490,39.6,42.0,42.4,42.6,25.22,70.04,133.0,5.0,3.82,1,28.15,57.94
269811,2026-06-16 17:36:26,2026-06-16 16:00:45,28.677576,-17.7667,490,39.1,41.5,41.9,42.1,25.2,70.33,134.0,5.0,3.91,1,28.21,57.91
269812,2026-06-16 17:36:27,2026-06-16 16:00:46,28.677577,-17.766695,490,78.7,83.5,84.3,84.6,25.19,70.49,136.0,5.0,3.85,1,28.21,57.91
269813,2026-06-16 17:36:28,2026-06-16 16:00:47,28.677577,-17.766694,489,113.3,120.1,121.2,121.7,25.18,70.54,136.0,5.0,3.91,1,28.22,58.05
269814,2026-06-16 17:36:29,2026-06-16 16:00:48,28.677579,-17.766688,489,119.7,126.6,127.6,128.0,25.17,70.51,136.0,5.0,3.85,1,28.22,58.05
269815,2026-06-16 17:36:30,2026-06-16 16:00:49,28.677577,-17.766686,491,106.9,113.1,113.9,114.3,25.17,70.43,135.0,5.0,3.93,1,28.22,58.0
269816,2026-06-16 17:36:31,2026-06-16 16:00:50,28.677575,-17.766682,491,88.1,93.2,93.8,94.1,25.17,70.31,133.0,5.0,3.87,1,28.22,58.0
269817,2026-06-16 17:36:32,2026-06-16 16:00:51,28.677568,-17.766682,490,74.0,78.3,78.8,79.0,25.16,70.16,132.0,5.0,3.93,1,28.23,58.03
269818,2026-06-16 17:36:33,2026-06-16 16:00:52,28.677562,-17.76668,490,62.1,65.7,66.1,66.3,25.16,70.01,130.0,5.0,3.91,1,28.23,58.03
269819,2026-06-16 17:36:34,2026-06-16 16:00:53,28.677565,-17.766677,492,57.6,60.9,61.3,61.5,25.15,69.85,129.0,5.0,3.91,1,28.22,57.91
269820,2026-06-16 17:36:35,2026-06-16 16:00:54,28.677566,-17.766673,492,56.1,59.3,59.7,59.8,25.15,69.72,129.0,5.0,3.93,1,28.22,57.91
269821,2026-06-16 17:36:36,2026-06-16 16:00:55,28.677563,-17.766672,494,57.1,60.2,60.5,60.7,25.15,69.59,129.0,5.0,3.93,1,28.23,57.75
269822,2026-06-16 17:36:37,2026-06-16 16:00:56,28.677561,-17.76667,494,76.1,80.2,80.6,80.7,25.14,69.47,128.0,5.0,3.91,1,28.23,57.75
269823,2026-06-16 17:36:38,2026-06-16 16:00:57,28.677559,-17.766671,500,91.3,96.1,96.4,96.5,25.14,69.34,128.0,5.0,3.93,0,28.25,57.84
269824,2026-06-16 17:36:39,2026-06-16 16:00:58,28.677555,-17.766676,500,95.4,100.4,100.6,100.7,25.14,69.21,127.0,5.0,3.93,0,28.25,57.84
269825,2026-06-16 17:36:40,2026-06-16 16:00:59,28.677555,-17.76668,504,93.2,98.0,98.2,98.3,25.14,69.09,126.0,5.0,3.93,0,28.25,57.68
269826,2026-06-16 17:36:41,2026-06-16 16:01:00,28.677558,-17.766691,504,87.3,91.8,91.9,92.0,25.13,68.97,125.0,5.0,3.93,0,28.25,57.68
269827,2026-06-16 17:36:42,2026-06-16 16:01:01,28.677556,-17.766691,508,83.0,87.2,87.3,87.3,25.13,68.86,124.0,5.0,3.93,0,28.29,57.57
269828,2026-06-16 17:36:43,2026-06-16 16:01:02,28.677552,-17.766689,508,108.3,113.7,113.9,113.9,25.12,68.76,123.0,5.0,3.93,0,28.29,57.57
269829,2026-06-16 17:36:44,2026-06-16 16:01:03,28.677547,-17.766686,494,123.8,130.0,130.1,130.1,25.12,68.65,122.0,5.0,3.91,0,28.26,57.44
269830,2026-06-16 17:36:45,2026-06-16 16:01:04,28.677543,-17.766689,494,126.3,132.6,132.7,132.7,25.12,68.55,121.0,5.0,3.91,0,28.26,57.44
269831,2026-06-16 17:36:46,2026-06-16 16:01:05,28.67754,-17.76669,494,126.3,132.5,132.6,132.7,25.12,68.45,119.0,5.0,3.91,0,28.26,57.44
269832,2026-06-16 17:36:47,2026-06-16 16:01:06,28.677538,-17.766693,491,122.2,128.3,128.3,128.3,25.11,68.36,118.0,5.0,3.89,0,28.26,57.26
269833,2026-06-16 17:36:48,2026-06-16 16:01:07,28.677535,-17.766696,491,116.3,122.0,122.0,122.0,25.11,68.27,117.0,5.0,3.91,0,28.26,57.26
269834,2026-06-16 17:36:49,2026-06-16 16:01:08,28.677539,-17.766703,511,110.5,115.9,115.9,116.0,25.1,68.2,116.0,5.0,3.89,1,28.19,57.18
269835,2026-06-16 17:36:50,2026-06-16 16:01:09,28.67754,-17.766708,511,105.6,110.8,110.8,110.9,25.1,68.21,115.0,5.0,3.87,1,28.19,57.18
269836,2026-06-16 17:36:51,2026-06-16 16:01:10,28.677542,-17.766711,526,100.0,104.9,105.0,105.0,25.1,68.32,115.0,5.0,3.89,1,28.16,57.16
269837,2026-06-16 17:36:52,2026-06-16 16:01:11,28.677542,-17.766711,526,94.8,99.4,99.4,99.4,25.09,68.44,115.0,5.0,3.84,1,28.16,57.16
269838,2026-06-16 17:36:54,2026-06-16 16:01:12,28.677537,-17.766717,521,88.9,93.3,93.3,93.3,25.09,68.52,117.0,5.0,3.89,1,28.16,57.12
269839,2026-06-16 17:36:55,2026-06-16 16:01:13,28.677534,-17.766724,521,83.4,87.5,87.5,87.5,25.08,68.53,120.0,5.0,3.8,1,28.16,57.12
269840,2026-06-16 17:36:56,2026-06-16 16:01:14,28.677533,-17.766715,523,78.4,82.2,82.2,82.2,25.08,68.53,125.0,5.0,3.89,1,28.18,57.19
269841,2026-06-16 17:36:57,2026-06-16 16:01:15,28.677534,-17.766721,523,74.9,78.5,78.5,78.5,25.07,68.62,130.0,5.0,3.8,1,28.18,57.19
269842,2026-06-16 17:36:58,2026-06-16 16:01:16,28.677531,-17.766727,525,68.7,72.0,72.0,72.0,25.07,68.72,137.0,5.0,3.89,1,28.19,57.42
269843,2026-06-16 17:36:59,2026-06-16 16:01:17,28.677529,-17.766731,525,54.5,57.1,57.1,57.1,25.06,68.87,145.0,5.0,3.82,1,28.19,57.42
